<?xml version="1.0" encoding="UTF-8" standalone="yes"?>

<addon id="plugin.program.Gorillawizard" name="Gorilla Wizard" version="3.3.1" provider-name="Playonmonkey">

  <requires>

    <import addon="xbmc.python" version="2.1.0"/>
	<import addon="plugin.program.monkeymessages" version="1.0.1"/>

  </requires>

  <extension point="xbmc.python.pluginsource" library="default.py">

        <provides>program executable</provides>

  </extension>

  <extension point="xbmc.addon.metadata">

      <summary lang="en">Playonmonkey's Gorilla Wizard</summary>
    <description lang="en">Playonmonkeys Add-ons and Builds</description>
    <platform>all</platform>

  </extension>

</addon>

