<?xml version="1.0" encoding="UTF-8" standalone="yes"?>
<addon id="plugin.video.modbro" name="ModBro" version="10.17.2017" provider-name="Sweetwork">
	<requires>
		<import addon="xbmc.python" version="2.24.0" />
		<import addon="script.module.pyxbmct" />
		<import addon="script.module.urlresolver" />
		<import addon="script.module.liveresolver" />
		<import addon="repository.sweetwork" />
	</requires>
	<extension point="xbmc.python.pluginsource" library="default.py">
		<provides>video</provides>
	</extension>
	<extension point="xbmc.addon.metadata">
		<summary lang="en">Movies, Sports, Live TV</summary>
		<description lang="en">Streaming content from the Mobdro android API</description>
		<website>http://www.sweetwork.net</website>
		<platform>all</platform>
		<assets>
            <icon>icon.png</icon>
            <fanart>fanart.gif</fanart>
        </assets>
	</extension>
</addon>