<?xml version="1.0" encoding="UTF-8" standalone="yes"?>
<addon id="plugin.video.weathernation" name="Weather Nation" version="1.0" provider-name="Playonmonkey">
  <requires>
    <import addon="xbmc.python" version="2.1.0"/>
  </requires>
  <extension point="xbmc.python.pluginsource" library="addon.py">
    <provides>video</provides>
  </extension>
  <extension point="xbmc.addon.metadata">
    <summary lang="en">Weather Nation Live stream</summary>
    <description lang="en">Join us on Facebook https://www.facebook.com/groups/Mediawizards/</description>
    <disclaimer lang="en">I don't own this Live Stream. Use at your own risk.</disclaimer>
    <language>en</language>
    <platform>all</platform>
    <license></license>
    <forum>http://www.playonmonkeys.net</forum>
    <source></source>
  </extension>
</addon>
