<?xml version="1.0" encoding="UTF-8" standalone="yes"?>
<addon 
  id="plugin.program.playonmonkey" 
  name="[COLOR yellow]Playonmonkeys Wizard[/COLOR]" 
  version="1.0.2" 
  provider-name="[COLOR yellow]Playonmonkey[/COLOR]">
  <requires>
    <import addon="xbmc.python" version="2.1.0"/>
    <import addon="script.module.requests" />
  </requires>
  <extension point="xbmc.python.pluginsource" library="default.py">
    <provides>executable</provides>
  </extension>
  <extension point="xbmc.service" library="startup.py" start="startup" />
  <extension point="xbmc.addon.metadata">
    <summary lang="en">Playonmonkey Wizard</summary>
    <description lang="en">In this wizard you will find the latest Playonmonkey builds. Without work from the Devs and Streaming Websites this would not of been possible! Thanks whufclee at NaN, GUYS at TI, Brackets for the app installer!! **FTG** All Developers who created add-ons used in my build. Also a very special Thanks to Surfacingx for the code used in this add-on. Visit https://www.facebook.com/groups/Mediawizards/ for more info and support.</description>
    <platform>all</platform>
  </extension>
</addon>