<?xml version="1.0" encoding="UTF-8" standalone="yes"?>
<addon id="plugin.video.harleyhelp"
	name="Harley Davidson Build Help"
	version="1.0.0"
	provider-name="Playonmonkey">
  <requires>
    <import addon="xbmc.python" version="2.1.0"/>
    <import addon="script.module.addon.common" version="2.0.0"/>
    <import addon="plugin.video.youtube" version="5.0.0"/>
  </requires>
  <extension point="xbmc.python.pluginsource" library="default.py">
    <provides>video</provides>
  </extension>
  <extension point="xbmc.addon.metadata">
    <summary lang="en">Harley Davidson Build Tutorials</summary>
    <description lang="en">How to use Harley Davidson Build</description>
    <platform>all</platform>
    <forum>n/a</forum>
    <website>http://www.mediacenterwizards.com</website>
  </extension>
</addon>
