<?xml version="1.0" encoding="UTF-8" standalone="yes"?>
<addon id="repository.playonmonkey" name="Playonmonkey" version="1.6" provider-name="Playonmonkey">
	<extension point="xbmc.addon.repository" name="Playonmonkey">
		<info compressed="false">https://raw.githubusercontent.com/playonmonkey/Gorilla/master/addons.xml</info>
		<checksum>https://raw.githubusercontent.com/playonmonkey/Gorilla/master/addons.xml.md5</checksum>
		<datadir zip="true">https://raw.githubusercontent.com/playonmonkey/Gorilla/master/</datadir>
	</extension>
	<extension point="xbmc.addon.metadata">
		<summary>Playonmonkeys Repository</summary>
		<description>Stored add ons by Playonmonkey</description>
		<platform>all</platform>
	</extension>
</addon>

