<?xml version="1.0" encoding="UTF-8" standalone="yes"?>

<addon id="plugin.program.Gorillawizard" name="Gorilla Wizard" version="3.3.0" provider-name="Playonmonkey">

  <requires>

    <import addon="xbmc.python" version="2.1.0"/>

  </requires>

  <extension point="xbmc.python.pluginsource" library="default.py">

        <provides>program executable</provides>

  </extension>

  <extension point="xbmc.addon.metadata">

      <summary lang="en">Gorilla Build Wizard</summary>
    <description lang="en">Gorilla Build is only compatible with Kodi 16 Jarvis or Forks running the equivalent of Jarvis.Build will not work on earlier Versions.
	*Thank you,Soulless Builds,M1k3 My3rz Buildz,Todd (aka The King),And all the Guys from Goodfellas.</description>
    <platform>all</platform>

  </extension>

</addon>

